benchmark,task,imbalance_factor,repetition,method,subset_samples,minimum_class_samples,maximum_class_samples,target_labels_used_only_to_construct_controlled_imbalance,accuracy,balanced_accuracy
office31,A2D,1,0,no_prior_correction,217,7,7,True,82.94930875576037,82.94930875576037
office31,A2D,1,0,estimated_prior_correction,217,7,7,True,82.94930875576037,82.94930875576037
office31,A2D,1,1,no_prior_correction,217,7,7,True,85.25345622119815,85.25345622119818
office31,A2D,1,1,estimated_prior_correction,217,7,7,True,85.25345622119815,85.25345622119818
office31,A2D,1,2,no_prior_correction,217,7,7,True,82.48847926267281,82.48847926267283
office31,A2D,1,2,estimated_prior_correction,217,7,7,True,82.48847926267281,82.48847926267283
office31,A2D,1,3,no_prior_correction,217,7,7,True,87.55760368663594,87.55760368663596
office31,A2D,1,3,estimated_prior_correction,217,7,7,True,88.0184331797235,88.01843317972352
office31,A2D,1,4,no_prior_correction,217,7,7,True,85.71428571428571,85.71428571428572
office31,A2D,1,4,estimated_prior_correction,217,7,7,True,85.71428571428571,85.71428571428572
office31,A2D,10,0,no_prior_correction,87,1,7,True,81.60919540229885,76.66666666666666
office31,A2D,10,0,estimated_prior_correction,87,1,7,True,81.60919540229885,76.66666666666666
office31,A2D,10,1,no_prior_correction,87,1,7,True,87.35632183908046,80.80645161290323
office31,A2D,10,1,estimated_prior_correction,87,1,7,True,87.35632183908046,80.80645161290323
office31,A2D,10,2,no_prior_correction,87,1,7,True,82.75862068965517,84.56989247311829
office31,A2D,10,2,estimated_prior_correction,87,1,7,True,82.75862068965517,84.56989247311829
office31,A2D,10,3,no_prior_correction,87,1,7,True,81.60919540229885,80.92165898617512
office31,A2D,10,3,estimated_prior_correction,87,1,7,True,81.60919540229885,80.92165898617512
office31,A2D,10,4,no_prior_correction,87,1,7,True,77.01149425287356,73.44086021505376
office31,A2D,10,4,estimated_prior_correction,87,1,7,True,74.71264367816092,71.82795698924731
office31,A2D,50,0,no_prior_correction,64,1,7,True,82.8125,87.90322580645162
office31,A2D,50,0,estimated_prior_correction,64,1,7,True,82.8125,87.90322580645162
office31,A2D,50,1,no_prior_correction,64,1,7,True,75.0,72.15053763440861
office31,A2D,50,1,estimated_prior_correction,64,1,7,True,75.0,72.15053763440861
office31,A2D,50,2,no_prior_correction,64,1,7,True,85.9375,75.16129032258064
office31,A2D,50,2,estimated_prior_correction,64,1,7,True,85.9375,75.16129032258064
office31,A2D,50,3,no_prior_correction,64,1,7,True,87.5,86.02150537634408
office31,A2D,50,3,estimated_prior_correction,64,1,7,True,87.5,86.02150537634408
office31,A2D,50,4,no_prior_correction,64,1,7,True,85.9375,82.68817204301075
office31,A2D,50,4,estimated_prior_correction,64,1,7,True,85.9375,82.68817204301075
office31,A2W,1,0,no_prior_correction,341,11,11,True,82.69794721407625,82.69794721407627
office31,A2W,1,0,estimated_prior_correction,341,11,11,True,82.69794721407625,82.69794721407627
office31,A2W,1,1,no_prior_correction,341,11,11,True,81.81818181818183,81.81818181818181
office31,A2W,1,1,estimated_prior_correction,341,11,11,True,81.81818181818183,81.81818181818181
office31,A2W,1,2,no_prior_correction,341,11,11,True,82.69794721407625,82.69794721407625
office31,A2W,1,2,estimated_prior_correction,341,11,11,True,84.1642228739003,84.16422287390029
office31,A2W,1,3,no_prior_correction,341,11,11,True,81.52492668621701,81.524926686217
office31,A2W,1,3,estimated_prior_correction,341,11,11,True,81.52492668621701,81.524926686217
office31,A2W,1,4,no_prior_correction,341,11,11,True,83.28445747800586,83.28445747800586
office31,A2W,1,4,estimated_prior_correction,341,11,11,True,83.28445747800586,83.28445747800586
office31,A2W,10,0,no_prior_correction,133,1,11,True,85.71428571428571,80.50691244239631
office31,A2W,10,0,estimated_prior_correction,133,1,11,True,85.71428571428571,80.50691244239631
office31,A2W,10,1,no_prior_correction,133,1,11,True,80.45112781954887,78.75192012288788
office31,A2W,10,1,estimated_prior_correction,133,1,11,True,80.45112781954887,78.75192012288788
office31,A2W,10,2,no_prior_correction,133,1,11,True,84.21052631578947,75.57859703020993
office31,A2W,10,2,estimated_prior_correction,133,1,11,True,84.21052631578947,75.57859703020993
office31,A2W,10,3,no_prior_correction,133,1,11,True,84.21052631578947,75.68100358422939
office31,A2W,10,3,estimated_prior_correction,133,1,11,True,84.21052631578947,75.68100358422939
office31,A2W,10,4,no_prior_correction,133,1,11,True,83.45864661654136,77.5089605734767
office31,A2W,10,4,estimated_prior_correction,133,1,11,True,83.45864661654136,77.5089605734767
office31,A2W,50,0,no_prior_correction,94,1,11,True,85.1063829787234,82.41167434715821
office31,A2W,50,0,estimated_prior_correction,94,1,11,True,85.1063829787234,82.41167434715821
office31,A2W,50,1,no_prior_correction,94,1,11,True,82.97872340425532,70.96774193548387
office31,A2W,50,1,estimated_prior_correction,94,1,11,True,82.97872340425532,70.96774193548387
office31,A2W,50,2,no_prior_correction,94,1,11,True,80.85106382978722,79.7049993017735
office31,A2W,50,2,estimated_prior_correction,94,1,11,True,80.85106382978722,79.7049993017735
office31,A2W,50,3,no_prior_correction,94,1,11,True,81.91489361702128,80.9366708560257
office31,A2W,50,3,estimated_prior_correction,94,1,11,True,81.91489361702128,80.9366708560257
office31,A2W,50,4,no_prior_correction,94,1,11,True,89.36170212765957,87.09677419354838
office31,A2W,50,4,estimated_prior_correction,94,1,11,True,89.36170212765957,87.09677419354838
office31,D2A,1,0,no_prior_correction,1116,36,36,True,83.33333333333334,83.33333333333334
office31,D2A,1,0,estimated_prior_correction,1116,36,36,True,83.33333333333334,83.33333333333334
office31,D2A,1,1,no_prior_correction,1116,36,36,True,79.39068100358423,79.39068100358423
office31,D2A,1,1,estimated_prior_correction,1116,36,36,True,79.39068100358423,79.39068100358423
office31,D2A,1,2,no_prior_correction,1116,36,36,True,80.10752688172043,80.10752688172043
office31,D2A,1,2,estimated_prior_correction,1116,36,36,True,80.10752688172043,80.10752688172043
office31,D2A,1,3,no_prior_correction,1116,36,36,True,80.46594982078852,80.46594982078852
office31,D2A,1,3,estimated_prior_correction,1116,36,36,True,80.46594982078852,80.46594982078852
office31,D2A,1,4,no_prior_correction,1116,36,36,True,79.48028673835125,79.48028673835125
office31,D2A,1,4,estimated_prior_correction,1116,36,36,True,79.48028673835125,79.48028673835125
office31,D2A,10,0,no_prior_correction,442,4,36,True,81.22171945701358,78.1305341440033
office31,D2A,10,0,estimated_prior_correction,442,4,36,True,81.22171945701358,78.1305341440033
office31,D2A,10,1,no_prior_correction,442,4,36,True,83.48416289592761,82.34294839255088
office31,D2A,10,1,estimated_prior_correction,442,4,36,True,83.48416289592761,82.34294839255088
office31,D2A,10,2,no_prior_correction,442,4,36,True,83.0316742081448,82.63784829231547
office31,D2A,10,2,estimated_prior_correction,442,4,36,True,83.0316742081448,82.63784829231547
office31,D2A,10,3,no_prior_correction,442,4,36,True,79.41176470588235,79.73022794773365
office31,D2A,10,3,estimated_prior_correction,442,4,36,True,79.41176470588235,79.73022794773365
office31,D2A,10,4,no_prior_correction,442,4,36,True,82.35294117647058,80.88597113873139
office31,D2A,10,4,estimated_prior_correction,442,4,36,True,82.35294117647058,80.88597113873139
office31,D2A,50,0,no_prior_correction,290,1,36,True,83.79310344827586,75.32859366157328
office31,D2A,50,0,estimated_prior_correction,290,1,36,True,83.79310344827586,75.32859366157328
office31,D2A,50,1,no_prior_correction,290,1,36,True,85.51724137931035,85.64824512405157
office31,D2A,50,1,estimated_prior_correction,290,1,36,True,85.51724137931035,85.64824512405157
office31,D2A,50,2,no_prior_correction,290,1,36,True,69.6551724137931,80.79321534436137
office31,D2A,50,2,estimated_prior_correction,290,1,36,True,69.6551724137931,80.79321534436137
office31,D2A,50,3,no_prior_correction,290,1,36,True,77.24137931034483,84.37770786561109
office31,D2A,50,3,estimated_prior_correction,290,1,36,True,77.24137931034483,84.37770786561109
office31,D2A,50,4,no_prior_correction,290,1,36,True,84.13793103448276,82.56768203499952
office31,D2A,50,4,estimated_prior_correction,290,1,36,True,84.13793103448276,82.56768203499952
office31,D2W,1,0,no_prior_correction,341,11,11,True,84.75073313782991,84.75073313782993
office31,D2W,1,0,estimated_prior_correction,341,11,11,True,84.75073313782991,84.75073313782993
office31,D2W,1,1,no_prior_correction,341,11,11,True,84.1642228739003,84.16422287390031
office31,D2W,1,1,estimated_prior_correction,341,11,11,True,84.1642228739003,84.16422287390031
office31,D2W,1,2,no_prior_correction,341,11,11,True,81.81818181818183,81.81818181818184
office31,D2W,1,2,estimated_prior_correction,341,11,11,True,81.81818181818183,81.81818181818184
office31,D2W,1,3,no_prior_correction,341,11,11,True,85.63049853372434,85.63049853372434
office31,D2W,1,3,estimated_prior_correction,341,11,11,True,85.63049853372434,85.63049853372434
office31,D2W,1,4,no_prior_correction,341,11,11,True,85.04398826979472,85.04398826979474
office31,D2W,1,4,estimated_prior_correction,341,11,11,True,85.04398826979472,85.04398826979474
office31,D2W,10,0,no_prior_correction,133,1,11,True,81.203007518797,82.05813899362286
office31,D2W,10,0,estimated_prior_correction,133,1,11,True,81.203007518797,82.05813899362286
office31,D2W,10,1,no_prior_correction,133,1,11,True,87.96992481203007,77.28110599078342
office31,D2W,10,1,estimated_prior_correction,133,1,11,True,87.96992481203007,77.28110599078342
office31,D2W,10,2,no_prior_correction,133,1,11,True,87.96992481203007,84.50809942745425
office31,D2W,10,2,estimated_prior_correction,133,1,11,True,87.96992481203007,84.50809942745425
office31,D2W,10,3,no_prior_correction,133,1,11,True,81.95488721804512,67.74193548387096
office31,D2W,10,3,estimated_prior_correction,133,1,11,True,81.95488721804512,67.74193548387096
office31,D2W,10,4,no_prior_correction,133,1,11,True,82.70676691729322,81.05595121724154
office31,D2W,10,4,estimated_prior_correction,133,1,11,True,82.70676691729322,81.05595121724154
office31,D2W,50,0,no_prior_correction,94,1,11,True,88.29787234042553,85.40182935344227
office31,D2W,50,0,estimated_prior_correction,94,1,11,True,88.29787234042553,85.40182935344227
office31,D2W,50,1,no_prior_correction,94,1,11,True,79.7872340425532,76.83284457478005
office31,D2W,50,1,estimated_prior_correction,94,1,11,True,79.7872340425532,76.83284457478005
office31,D2W,50,2,no_prior_correction,94,1,11,True,75.53191489361703,82.68258623097331
office31,D2W,50,2,estimated_prior_correction,94,1,11,True,76.59574468085107,83.75785504817762
office31,D2W,50,3,no_prior_correction,94,1,11,True,77.6595744680851,78.05299539170507
office31,D2W,50,3,estimated_prior_correction,94,1,11,True,77.6595744680851,78.05299539170507
office31,D2W,50,4,no_prior_correction,94,1,11,True,87.2340425531915,75.48387096774192
office31,D2W,50,4,estimated_prior_correction,94,1,11,True,88.29787234042553,78.70967741935483
office31,W2A,1,0,no_prior_correction,1116,36,36,True,79.3010752688172,79.3010752688172
office31,W2A,1,0,estimated_prior_correction,1116,36,36,True,79.3010752688172,79.3010752688172
office31,W2A,1,1,no_prior_correction,1116,36,36,True,81.18279569892472,81.18279569892475
office31,W2A,1,1,estimated_prior_correction,1116,36,36,True,81.18279569892472,81.18279569892475
office31,W2A,1,2,no_prior_correction,1116,36,36,True,80.91397849462365,80.91397849462365
office31,W2A,1,2,estimated_prior_correction,1116,36,36,True,80.91397849462365,80.91397849462365
office31,W2A,1,3,no_prior_correction,1116,36,36,True,78.94265232974911,78.94265232974911
office31,W2A,1,3,estimated_prior_correction,1116,36,36,True,78.94265232974911,78.94265232974911
office31,W2A,1,4,no_prior_correction,1116,36,36,True,81.98924731182797,81.98924731182794
office31,W2A,1,4,estimated_prior_correction,1116,36,36,True,81.98924731182797,81.98924731182794
office31,W2A,10,0,no_prior_correction,442,4,36,True,77.82805429864254,81.58543745572007
office31,W2A,10,0,estimated_prior_correction,442,4,36,True,77.82805429864254,81.58543745572007
office31,W2A,10,1,no_prior_correction,442,4,36,True,79.63800904977376,76.83577862870862
office31,W2A,10,1,estimated_prior_correction,442,4,36,True,79.63800904977376,76.83577862870862
office31,W2A,10,2,no_prior_correction,442,4,36,True,78.95927601809954,83.85222523689758
office31,W2A,10,2,estimated_prior_correction,442,4,36,True,78.95927601809954,83.85222523689758
office31,W2A,10,3,no_prior_correction,442,4,36,True,82.12669683257919,80.76329560571428
office31,W2A,10,3,estimated_prior_correction,442,4,36,True,82.12669683257919,80.76329560571428
office31,W2A,10,4,no_prior_correction,442,4,36,True,80.76923076923077,83.78139944389716
office31,W2A,10,4,estimated_prior_correction,442,4,36,True,80.76923076923077,83.78139944389716
office31,W2A,50,0,no_prior_correction,290,1,36,True,78.27586206896552,80.54987210016921
office31,W2A,50,0,estimated_prior_correction,290,1,36,True,78.27586206896552,80.54987210016921
office31,W2A,50,1,no_prior_correction,290,1,36,True,80.3448275862069,71.97332013864272
office31,W2A,50,1,estimated_prior_correction,290,1,36,True,80.6896551724138,73.04858895584701
office31,W2A,50,2,no_prior_correction,290,1,36,True,76.89655172413794,76.92225160709881
office31,W2A,50,2,estimated_prior_correction,290,1,36,True,76.89655172413794,76.92225160709881
office31,W2A,50,3,no_prior_correction,290,1,36,True,78.62068965517241,82.0548867280616
office31,W2A,50,3,estimated_prior_correction,290,1,36,True,78.62068965517241,82.0548867280616
office31,W2A,50,4,no_prior_correction,290,1,36,True,77.93103448275862,73.9586196674482
office31,W2A,50,4,estimated_prior_correction,290,1,36,True,77.93103448275862,73.9586196674482
office31,W2D,1,0,no_prior_correction,217,7,7,True,85.25345622119815,85.25345622119818
office31,W2D,1,0,estimated_prior_correction,217,7,7,True,85.25345622119815,85.25345622119818
office31,W2D,1,1,no_prior_correction,217,7,7,True,85.71428571428571,85.71428571428574
office31,W2D,1,1,estimated_prior_correction,217,7,7,True,85.71428571428571,85.71428571428574
office31,W2D,1,2,no_prior_correction,217,7,7,True,87.09677419354838,87.0967741935484
office31,W2D,1,2,estimated_prior_correction,217,7,7,True,87.09677419354838,87.0967741935484
office31,W2D,1,3,no_prior_correction,217,7,7,True,85.71428571428571,85.71428571428572
office31,W2D,1,3,estimated_prior_correction,217,7,7,True,85.71428571428571,85.71428571428572
office31,W2D,1,4,no_prior_correction,217,7,7,True,86.17511520737328,86.17511520737328
office31,W2D,1,4,estimated_prior_correction,217,7,7,True,86.17511520737328,86.17511520737328
office31,W2D,10,0,no_prior_correction,87,1,7,True,89.65517241379311,84.83870967741936
office31,W2D,10,0,estimated_prior_correction,87,1,7,True,86.20689655172413,83.87096774193549
office31,W2D,10,1,no_prior_correction,87,1,7,True,91.95402298850574,84.13978494623656
office31,W2D,10,1,estimated_prior_correction,87,1,7,True,91.95402298850574,84.13978494623656
office31,W2D,10,2,no_prior_correction,87,1,7,True,91.95402298850574,91.36712749615975
office31,W2D,10,2,estimated_prior_correction,87,1,7,True,91.95402298850574,91.36712749615975
office31,W2D,10,3,no_prior_correction,87,1,7,True,86.20689655172413,84.0015360983103
office31,W2D,10,3,estimated_prior_correction,87,1,7,True,86.20689655172413,84.0015360983103
office31,W2D,10,4,no_prior_correction,87,1,7,True,88.50574712643679,82.68817204301075
office31,W2D,10,4,estimated_prior_correction,87,1,7,True,88.50574712643679,82.68817204301075
office31,W2D,50,0,no_prior_correction,64,1,7,True,85.9375,78.54838709677419
office31,W2D,50,0,estimated_prior_correction,64,1,7,True,85.9375,78.54838709677419
office31,W2D,50,1,no_prior_correction,64,1,7,True,84.375,83.65591397849462
office31,W2D,50,1,estimated_prior_correction,64,1,7,True,84.375,83.65591397849462
office31,W2D,50,2,no_prior_correction,64,1,7,True,90.625,87.9800307219662
office31,W2D,50,2,estimated_prior_correction,64,1,7,True,90.625,87.9800307219662
office31,W2D,50,3,no_prior_correction,64,1,7,True,81.25,80.64516129032258
office31,W2D,50,3,estimated_prior_correction,64,1,7,True,81.25,80.64516129032258
office31,W2D,50,4,no_prior_correction,64,1,7,True,89.0625,85.21505376344086
office31,W2D,50,4,estimated_prior_correction,64,1,7,True,89.0625,85.21505376344086
officehome,A2C,1,0,no_prior_correction,2535,39,39,True,66.86390532544378,66.86390532544378
officehome,A2C,1,0,estimated_prior_correction,2535,39,39,True,66.86390532544378,66.86390532544378
officehome,A2C,1,1,no_prior_correction,2535,39,39,True,65.68047337278107,65.68047337278107
officehome,A2C,1,1,estimated_prior_correction,2535,39,39,True,65.7199211045365,65.7199211045365
officehome,A2C,1,2,no_prior_correction,2535,39,39,True,66.74556213017752,66.7455621301775
officehome,A2C,1,2,estimated_prior_correction,2535,39,39,True,66.78500986193295,66.78500986193293
officehome,A2C,1,3,no_prior_correction,2535,39,39,True,66.3905325443787,66.39053254437869
officehome,A2C,1,3,estimated_prior_correction,2535,39,39,True,66.3905325443787,66.39053254437869
officehome,A2C,1,4,no_prior_correction,2535,39,39,True,66.86390532544378,66.86390532544377
officehome,A2C,1,4,estimated_prior_correction,2535,39,39,True,66.86390532544378,66.86390532544377
officehome,A2C,10,0,no_prior_correction,995,4,39,True,64.42211055276383,66.71924757472188
officehome,A2C,10,0,estimated_prior_correction,995,4,39,True,64.62311557788945,67.33463219010649
officehome,A2C,10,1,no_prior_correction,995,4,39,True,65.92964824120602,63.39149442789793
officehome,A2C,10,1,estimated_prior_correction,995,4,39,True,65.92964824120602,63.39149442789793
officehome,A2C,10,2,no_prior_correction,995,4,39,True,63.21608040201006,63.89183361210379
officehome,A2C,10,2,estimated_prior_correction,995,4,39,True,63.91959798994975,65.54018526045544
officehome,A2C,10,3,no_prior_correction,995,4,39,True,69.34673366834171,64.0967383401269
officehome,A2C,10,3,estimated_prior_correction,995,4,39,True,69.34673366834171,64.0967383401269
officehome,A2C,10,4,no_prior_correction,995,4,39,True,66.23115577889448,63.95565770610063
officehome,A2C,10,4,estimated_prior_correction,995,4,39,True,66.23115577889448,63.95565770610063
officehome,A2C,50,0,no_prior_correction,647,1,39,True,68.00618238021639,66.31586186872373
officehome,A2C,50,0,estimated_prior_correction,647,1,39,True,68.00618238021639,66.31586186872373
officehome,A2C,50,1,no_prior_correction,647,1,39,True,61.514683153013905,64.06426275226245
officehome,A2C,50,1,estimated_prior_correction,647,1,39,True,61.360123647604325,63.96169864969834
officehome,A2C,50,2,no_prior_correction,647,1,39,True,68.93353941267388,63.05746835960924
officehome,A2C,50,2,estimated_prior_correction,647,1,39,True,68.93353941267388,63.05746835960924
officehome,A2C,50,3,no_prior_correction,647,1,39,True,71.09737248840804,63.81065283545039
officehome,A2C,50,3,estimated_prior_correction,647,1,39,True,71.25193199381762,64.06706309186063
officehome,A2C,50,4,no_prior_correction,647,1,39,True,63.06027820710973,57.50284114599814
officehome,A2C,50,4,estimated_prior_correction,647,1,39,True,63.214837712519326,57.55091806907507
officehome,A2P,1,0,no_prior_correction,2470,38,38,True,87.53036437246963,87.53036437246962
officehome,A2P,1,0,estimated_prior_correction,2470,38,38,True,87.53036437246963,87.53036437246962
officehome,A2P,1,1,no_prior_correction,2470,38,38,True,87.32793522267205,87.32793522267205
officehome,A2P,1,1,estimated_prior_correction,2470,38,38,True,87.32793522267205,87.32793522267205
officehome,A2P,1,2,no_prior_correction,2470,38,38,True,87.28744939271255,87.28744939271255
officehome,A2P,1,2,estimated_prior_correction,2470,38,38,True,87.28744939271255,87.28744939271255
officehome,A2P,1,3,no_prior_correction,2470,38,38,True,87.32793522267205,87.32793522267207
officehome,A2P,1,3,estimated_prior_correction,2470,38,38,True,87.32793522267205,87.32793522267207
officehome,A2P,1,4,no_prior_correction,2470,38,38,True,87.57085020242916,87.57085020242916
officehome,A2P,1,4,estimated_prior_correction,2470,38,38,True,87.57085020242916,87.57085020242916
officehome,A2P,10,0,no_prior_correction,973,4,38,True,88.28365878725592,87.00017358257146
officehome,A2P,10,0,estimated_prior_correction,973,4,38,True,88.28365878725592,87.00017358257146
officehome,A2P,10,1,no_prior_correction,973,4,38,True,84.17266187050359,86.4380049933081
officehome,A2P,10,1,estimated_prior_correction,973,4,38,True,84.17266187050359,86.4380049933081
officehome,A2P,10,2,no_prior_correction,973,4,38,True,86.74203494347378,85.5860835768611
officehome,A2P,10,2,estimated_prior_correction,973,4,38,True,86.74203494347378,85.5860835768611
officehome,A2P,10,3,no_prior_correction,973,4,38,True,88.69475847893115,86.61574752071421
officehome,A2P,10,3,estimated_prior_correction,973,4,38,True,88.69475847893115,86.61574752071421
officehome,A2P,10,4,no_prior_correction,973,4,38,True,86.12538540596094,87.1926102235458
officehome,A2P,10,4,estimated_prior_correction,973,4,38,True,86.12538540596094,87.1926102235458
officehome,A2P,50,0,no_prior_correction,628,1,38,True,86.78343949044586,85.82368496590334
officehome,A2P,50,0,estimated_prior_correction,628,1,38,True,86.78343949044586,85.82368496590334
officehome,A2P,50,1,no_prior_correction,628,1,38,True,89.49044585987261,85.07337303547219
officehome,A2P,50,1,estimated_prior_correction,628,1,38,True,89.49044585987261,85.07337303547219
officehome,A2P,50,2,no_prior_correction,628,1,38,True,89.80891719745223,89.54605770273942
officehome,A2P,50,2,estimated_prior_correction,628,1,38,True,89.80891719745223,89.54605770273942
officehome,A2P,50,3,no_prior_correction,628,1,38,True,86.30573248407643,88.02096978945504
officehome,A2P,50,3,estimated_prior_correction,628,1,38,True,86.30573248407643,88.02096978945504
officehome,A2P,50,4,no_prior_correction,628,1,38,True,85.828025477707,85.61203633721159
officehome,A2P,50,4,estimated_prior_correction,628,1,38,True,85.828025477707,85.61203633721159
officehome,A2R,1,0,no_prior_correction,1495,23,23,True,86.75585284280936,86.75585284280935
officehome,A2R,1,0,estimated_prior_correction,1495,23,23,True,86.75585284280936,86.75585284280935
officehome,A2R,1,1,no_prior_correction,1495,23,23,True,85.81939799331104,85.81939799331103
officehome,A2R,1,1,estimated_prior_correction,1495,23,23,True,85.81939799331104,85.81939799331103
officehome,A2R,1,2,no_prior_correction,1495,23,23,True,85.75250836120402,85.75250836120401
officehome,A2R,1,2,estimated_prior_correction,1495,23,23,True,85.81939799331104,85.81939799331103
officehome,A2R,1,3,no_prior_correction,1495,23,23,True,85.55183946488295,85.55183946488293
officehome,A2R,1,3,estimated_prior_correction,1495,23,23,True,85.61872909698997,85.61872909698998
officehome,A2R,1,4,no_prior_correction,1495,23,23,True,86.75585284280936,86.75585284280938
officehome,A2R,1,4,estimated_prior_correction,1495,23,23,True,86.75585284280936,86.75585284280938
officehome,A2R,10,0,no_prior_correction,587,2,23,True,85.34923339011925,85.99949877462379
officehome,A2R,10,0,estimated_prior_correction,587,2,23,True,85.8603066439523,86.5123192874443
officehome,A2R,10,1,no_prior_correction,587,2,23,True,87.9045996592845,86.09962512415478
officehome,A2R,10,1,estimated_prior_correction,587,2,23,True,87.9045996592845,86.09962512415478
officehome,A2R,10,2,no_prior_correction,587,2,23,True,85.8603066439523,85.66981487954392
officehome,A2R,10,2,estimated_prior_correction,587,2,23,True,85.8603066439523,85.66981487954392
officehome,A2R,10,3,no_prior_correction,587,2,23,True,86.54173764906304,85.9827871758818
officehome,A2R,10,3,estimated_prior_correction,587,2,23,True,86.54173764906304,85.9827871758818
officehome,A2R,10,4,no_prior_correction,587,2,23,True,90.80068143100512,88.76153378784957
officehome,A2R,10,4,estimated_prior_correction,587,2,23,True,90.80068143100512,88.76153378784957
officehome,A2R,50,0,no_prior_correction,383,1,23,True,91.12271540469973,82.74907009319965
officehome,A2R,50,0,estimated_prior_correction,383,1,23,True,91.12271540469973,82.74907009319965
officehome,A2R,50,1,no_prior_correction,383,1,23,True,86.94516971279373,84.82963303664661
officehome,A2R,50,1,estimated_prior_correction,383,1,23,True,86.94516971279373,84.82963303664661
officehome,A2R,50,2,no_prior_correction,383,1,23,True,84.33420365535248,81.65307368033172
officehome,A2R,50,2,estimated_prior_correction,383,1,23,True,84.33420365535248,81.65307368033172
officehome,A2R,50,3,no_prior_correction,383,1,23,True,89.55613577023499,88.4928187699681
officehome,A2R,50,3,estimated_prior_correction,383,1,23,True,89.55613577023499,88.4928187699681
officehome,A2R,50,4,no_prior_correction,383,1,23,True,89.81723237597912,83.65462538205013
officehome,A2R,50,4,estimated_prior_correction,383,1,23,True,90.07832898172323,83.79448552191027
officehome,C2A,1,0,no_prior_correction,975,15,15,True,75.7948717948718,75.79487179487181
officehome,C2A,1,0,estimated_prior_correction,975,15,15,True,75.7948717948718,75.79487179487181
officehome,C2A,1,1,no_prior_correction,975,15,15,True,75.8974358974359,75.89743589743591
officehome,C2A,1,1,estimated_prior_correction,975,15,15,True,76.0,76.0
officehome,C2A,1,2,no_prior_correction,975,15,15,True,75.17948717948718,75.17948717948718
officehome,C2A,1,2,estimated_prior_correction,975,15,15,True,75.17948717948718,75.17948717948718
officehome,C2A,1,3,no_prior_correction,975,15,15,True,76.1025641025641,76.1025641025641
officehome,C2A,1,3,estimated_prior_correction,975,15,15,True,76.61538461538461,76.61538461538461
officehome,C2A,1,4,no_prior_correction,975,15,15,True,75.48717948717949,75.48717948717949
officehome,C2A,1,4,estimated_prior_correction,975,15,15,True,76.0,76.0
officehome,C2A,10,0,no_prior_correction,384,2,15,True,73.69791666666666,71.51614624691547
officehome,C2A,10,0,estimated_prior_correction,384,2,15,True,73.95833333333334,72.28537701614624
officehome,C2A,10,1,no_prior_correction,384,2,15,True,79.16666666666666,74.93712697558851
officehome,C2A,10,1,estimated_prior_correction,384,2,15,True,79.16666666666666,74.93712697558851
officehome,C2A,10,2,no_prior_correction,384,2,15,True,76.04166666666666,70.83460129613975
officehome,C2A,10,2,estimated_prior_correction,384,2,15,True,75.78125,70.6807551422936
officehome,C2A,10,3,no_prior_correction,384,2,15,True,72.13541666666666,72.39428093274248
officehome,C2A,10,3,estimated_prior_correction,384,2,15,True,72.13541666666666,72.39428093274248
officehome,C2A,10,4,no_prior_correction,384,2,15,True,74.73958333333334,72.85815893508202
officehome,C2A,10,4,estimated_prior_correction,384,2,15,True,74.73958333333334,72.85815893508202
officehome,C2A,50,0,no_prior_correction,255,1,15,True,74.90196078431373,73.20679320679321
officehome,C2A,50,0,estimated_prior_correction,255,1,15,True,75.29411764705883,74.74525474525475
officehome,C2A,50,1,no_prior_correction,255,1,15,True,70.58823529411765,69.86750429058121
officehome,C2A,50,1,estimated_prior_correction,255,1,15,True,71.37254901960785,71.61109403417096
officehome,C2A,50,2,no_prior_correction,255,1,15,True,74.90196078431373,72.02834772065539
officehome,C2A,50,2,estimated_prior_correction,255,1,15,True,74.90196078431373,72.37022806253574
officehome,C2A,50,3,no_prior_correction,255,1,15,True,72.15686274509804,71.32173809096885
officehome,C2A,50,3,estimated_prior_correction,255,1,15,True,72.94117647058823,72.47558424481501
officehome,C2A,50,4,no_prior_correction,255,1,15,True,63.52941176470588,66.53832065370527
officehome,C2A,50,4,estimated_prior_correction,255,1,15,True,63.52941176470588,67.30755142293604
officehome,C2P,1,0,no_prior_correction,2470,38,38,True,86.88259109311741,86.88259109311741
officehome,C2P,1,0,estimated_prior_correction,2470,38,38,True,86.88259109311741,86.88259109311741
officehome,C2P,1,1,no_prior_correction,2470,38,38,True,86.5587044534413,86.5587044534413
officehome,C2P,1,1,estimated_prior_correction,2470,38,38,True,86.5587044534413,86.5587044534413
officehome,C2P,1,2,no_prior_correction,2470,38,38,True,87.6923076923077,87.6923076923077
officehome,C2P,1,2,estimated_prior_correction,2470,38,38,True,87.6923076923077,87.6923076923077
officehome,C2P,1,3,no_prior_correction,2470,38,38,True,87.04453441295547,87.04453441295547
officehome,C2P,1,3,estimated_prior_correction,2470,38,38,True,87.04453441295547,87.04453441295547
officehome,C2P,1,4,no_prior_correction,2470,38,38,True,87.20647773279352,87.20647773279352
officehome,C2P,1,4,estimated_prior_correction,2470,38,38,True,87.20647773279352,87.20647773279352
officehome,C2P,10,0,no_prior_correction,973,4,38,True,85.40596094552929,87.65590999721299
officehome,C2P,10,0,estimated_prior_correction,973,4,38,True,85.40596094552929,87.65590999721299
officehome,C2P,10,1,no_prior_correction,973,4,38,True,84.99486125385405,86.37120065054134
officehome,C2P,10,1,estimated_prior_correction,973,4,38,True,84.99486125385405,86.37120065054134
officehome,C2P,10,2,no_prior_correction,973,4,38,True,87.97533401849948,86.24276642435295
officehome,C2P,10,2,estimated_prior_correction,973,4,38,True,87.97533401849948,86.24276642435295
officehome,C2P,10,3,no_prior_correction,973,4,38,True,88.59198355601234,88.92508802926122
officehome,C2P,10,3,estimated_prior_correction,973,4,38,True,88.59198355601234,88.92508802926122
officehome,C2P,10,4,no_prior_correction,973,4,38,True,85.81706063720452,88.49199392392642
officehome,C2P,10,4,estimated_prior_correction,973,4,38,True,85.81706063720452,88.49199392392642
officehome,C2P,50,0,no_prior_correction,628,1,38,True,81.52866242038218,85.75900041981251
officehome,C2P,50,0,estimated_prior_correction,628,1,38,True,81.52866242038218,85.75900041981251
officehome,C2P,50,1,no_prior_correction,628,1,38,True,90.60509554140127,85.99359932822065
officehome,C2P,50,1,estimated_prior_correction,628,1,38,True,90.60509554140127,85.99359932822065
officehome,C2P,50,2,no_prior_correction,628,1,38,True,85.98726114649682,84.7190367361187
officehome,C2P,50,2,estimated_prior_correction,628,1,38,True,85.98726114649682,84.7190367361187
officehome,C2P,50,3,no_prior_correction,628,1,38,True,86.78343949044586,89.87561672734928
officehome,C2P,50,3,estimated_prior_correction,628,1,38,True,86.94267515923568,90.78291455772404
officehome,C2P,50,4,no_prior_correction,628,1,38,True,85.03184713375796,86.05029836102763
officehome,C2P,50,4,estimated_prior_correction,628,1,38,True,84.87261146496814,86.00504949224934
officehome,C2R,1,0,no_prior_correction,1495,23,23,True,86.62207357859532,86.62207357859532
officehome,C2R,1,0,estimated_prior_correction,1495,23,23,True,86.62207357859532,86.62207357859532
officehome,C2R,1,1,no_prior_correction,1495,23,23,True,87.22408026755852,87.22408026755852
officehome,C2R,1,1,estimated_prior_correction,1495,23,23,True,87.22408026755852,87.22408026755852
officehome,C2R,1,2,no_prior_correction,1495,23,23,True,87.02341137123746,87.02341137123746
officehome,C2R,1,2,estimated_prior_correction,1495,23,23,True,87.02341137123746,87.02341137123746
officehome,C2R,1,3,no_prior_correction,1495,23,23,True,86.8227424749164,86.8227424749164
officehome,C2R,1,3,estimated_prior_correction,1495,23,23,True,86.8227424749164,86.8227424749164
officehome,C2R,1,4,no_prior_correction,1495,23,23,True,87.29096989966555,87.29096989966555
officehome,C2R,1,4,estimated_prior_correction,1495,23,23,True,87.29096989966555,87.29096989966555
officehome,C2R,10,0,no_prior_correction,587,2,23,True,84.32708688245314,84.0776447215998
officehome,C2R,10,0,estimated_prior_correction,587,2,23,True,84.32708688245314,84.0776447215998
officehome,C2R,10,1,no_prior_correction,587,2,23,True,83.98637137989779,82.35547464191448
officehome,C2R,10,1,estimated_prior_correction,587,2,23,True,84.15672913117547,82.88036151974254
officehome,C2R,10,2,no_prior_correction,587,2,23,True,85.51959114139693,85.48384511806961
officehome,C2R,10,2,estimated_prior_correction,587,2,23,True,85.51959114139693,85.48384511806961
officehome,C2R,10,3,no_prior_correction,587,2,23,True,86.03066439522998,86.16467824070824
officehome,C2R,10,3,estimated_prior_correction,587,2,23,True,86.03066439522998,86.16467824070824
officehome,C2R,10,4,no_prior_correction,587,2,23,True,85.8603066439523,85.1796834740755
officehome,C2R,10,4,estimated_prior_correction,587,2,23,True,85.8603066439523,85.1796834740755
officehome,C2R,50,0,no_prior_correction,383,1,23,True,87.46736292428199,83.98717960182645
officehome,C2R,50,0,estimated_prior_correction,383,1,23,True,87.46736292428199,83.98717960182645
officehome,C2R,50,1,no_prior_correction,383,1,23,True,90.60052219321149,84.31901115372335
officehome,C2R,50,1,estimated_prior_correction,383,1,23,True,90.60052219321149,84.31901115372335
officehome,C2R,50,2,no_prior_correction,383,1,23,True,87.46736292428199,87.43298229084182
officehome,C2R,50,2,estimated_prior_correction,383,1,23,True,87.46736292428199,87.43298229084182
officehome,C2R,50,3,no_prior_correction,383,1,23,True,89.03394255874673,85.85782295478963
officehome,C2R,50,3,estimated_prior_correction,383,1,23,True,89.03394255874673,85.85782295478963
officehome,C2R,50,4,no_prior_correction,383,1,23,True,86.16187989556136,82.22308167601301
officehome,C2R,50,4,estimated_prior_correction,383,1,23,True,85.90078328981723,82.15619204390599
officehome,P2A,1,0,no_prior_correction,975,15,15,True,75.6923076923077,75.6923076923077
officehome,P2A,1,0,estimated_prior_correction,975,15,15,True,75.6923076923077,75.6923076923077
officehome,P2A,1,1,no_prior_correction,975,15,15,True,74.46153846153845,74.46153846153845
officehome,P2A,1,1,estimated_prior_correction,975,15,15,True,74.46153846153845,74.46153846153845
officehome,P2A,1,2,no_prior_correction,975,15,15,True,72.82051282051282,72.82051282051283
officehome,P2A,1,2,estimated_prior_correction,975,15,15,True,72.82051282051282,72.82051282051283
officehome,P2A,1,3,no_prior_correction,975,15,15,True,73.74358974358974,73.74358974358974
officehome,P2A,1,3,estimated_prior_correction,975,15,15,True,73.74358974358974,73.74358974358974
officehome,P2A,1,4,no_prior_correction,975,15,15,True,76.2051282051282,76.20512820512822
officehome,P2A,1,4,estimated_prior_correction,975,15,15,True,76.2051282051282,76.20512820512822
officehome,P2A,10,0,no_prior_correction,384,2,15,True,72.65625,74.34605565374797
officehome,P2A,10,0,estimated_prior_correction,384,2,15,True,72.65625,74.34605565374797
officehome,P2A,10,1,no_prior_correction,384,2,15,True,75.52083333333334,72.73279284817747
officehome,P2A,10,1,estimated_prior_correction,384,2,15,True,75.52083333333334,72.73279284817747
officehome,P2A,10,2,no_prior_correction,384,2,15,True,75.0,74.40588898281206
officehome,P2A,10,2,estimated_prior_correction,384,2,15,True,75.0,74.40588898281206
officehome,P2A,10,3,no_prior_correction,384,2,15,True,73.95833333333334,70.61678492447723
officehome,P2A,10,3,estimated_prior_correction,384,2,15,True,73.95833333333334,70.61678492447723
officehome,P2A,10,4,no_prior_correction,384,2,15,True,76.5625,74.27017853940932
officehome,P2A,10,4,estimated_prior_correction,384,2,15,True,76.5625,74.27017853940932
officehome,P2A,50,0,no_prior_correction,255,1,15,True,75.29411764705883,73.29304029304029
officehome,P2A,50,0,estimated_prior_correction,255,1,15,True,75.29411764705883,73.29304029304029
officehome,P2A,50,1,no_prior_correction,255,1,15,True,78.82352941176471,70.78688405611483
officehome,P2A,50,1,estimated_prior_correction,255,1,15,True,78.82352941176471,70.78688405611483
officehome,P2A,50,2,no_prior_correction,255,1,15,True,76.47058823529412,69.10711937635016
officehome,P2A,50,2,estimated_prior_correction,255,1,15,True,76.47058823529412,69.10711937635016
officehome,P2A,50,3,no_prior_correction,255,1,15,True,79.2156862745098,72.67116644039722
officehome,P2A,50,3,estimated_prior_correction,255,1,15,True,79.6078431372549,74.20962797885875
officehome,P2A,50,4,no_prior_correction,255,1,15,True,70.98039215686275,71.24751743982513
officehome,P2A,50,4,estimated_prior_correction,255,1,15,True,70.98039215686275,71.24751743982513
officehome,P2C,1,0,no_prior_correction,2535,39,39,True,66.98224852071006,66.98224852071007
officehome,P2C,1,0,estimated_prior_correction,2535,39,39,True,66.98224852071006,66.98224852071007
officehome,P2C,1,1,no_prior_correction,2535,39,39,True,67.17948717948717,67.17948717948718
officehome,P2C,1,1,estimated_prior_correction,2535,39,39,True,67.14003944773175,67.14003944773175
officehome,P2C,1,2,no_prior_correction,2535,39,39,True,67.41617357001972,67.41617357001974
officehome,P2C,1,2,estimated_prior_correction,2535,39,39,True,67.41617357001972,67.41617357001974
officehome,P2C,1,3,no_prior_correction,2535,39,39,True,67.65285996055226,67.65285996055226
officehome,P2C,1,3,estimated_prior_correction,2535,39,39,True,67.65285996055226,67.65285996055226
officehome,P2C,1,4,no_prior_correction,2535,39,39,True,66.90335305719921,66.9033530571992
officehome,P2C,1,4,estimated_prior_correction,2535,39,39,True,66.94280078895464,66.94280078895464
officehome,P2C,10,0,no_prior_correction,995,4,39,True,65.7286432160804,66.1376152986593
officehome,P2C,10,0,estimated_prior_correction,995,4,39,True,65.7286432160804,66.1376152986593
officehome,P2C,10,1,no_prior_correction,995,4,39,True,64.92462311557789,66.93719905463281
officehome,P2C,10,1,estimated_prior_correction,995,4,39,True,65.0251256281407,66.98848110591487
officehome,P2C,10,2,no_prior_correction,995,4,39,True,66.53266331658291,65.64620725724097
officehome,P2C,10,2,estimated_prior_correction,995,4,39,True,66.4321608040201,66.63447286160564
officehome,P2C,10,3,no_prior_correction,995,4,39,True,69.54773869346734,69.31301928365401
officehome,P2C,10,3,estimated_prior_correction,995,4,39,True,69.44723618090453,69.26777041487573
officehome,P2C,10,4,no_prior_correction,995,4,39,True,67.33668341708542,68.33544862378825
officehome,P2C,10,4,estimated_prior_correction,995,4,39,True,67.73869346733669,68.582701371041
officehome,P2C,50,0,no_prior_correction,647,1,39,True,67.07882534775888,62.80488125736047
officehome,P2C,50,0,estimated_prior_correction,647,1,39,True,67.07882534775888,62.80488125736047
officehome,P2C,50,1,no_prior_correction,647,1,39,True,69.86089644513137,69.46036001933395
officehome,P2C,50,1,estimated_prior_correction,647,1,39,True,69.86089644513137,69.46036001933395
officehome,P2C,50,2,no_prior_correction,647,1,39,True,69.7063369397218,71.37148166987606
officehome,P2C,50,2,estimated_prior_correction,647,1,39,True,69.86089644513137,71.44840474679914
officehome,P2C,50,3,no_prior_correction,647,1,39,True,66.61514683153014,62.96619713237131
officehome,P2C,50,3,estimated_prior_correction,647,1,39,True,66.61514683153014,62.96619713237131
officehome,P2C,50,4,no_prior_correction,647,1,39,True,63.214837712519326,62.42372450471921
officehome,P2C,50,4,estimated_prior_correction,647,1,39,True,63.214837712519326,62.42372450471921
officehome,P2R,1,0,no_prior_correction,1495,23,23,True,86.62207357859532,86.62207357859532
officehome,P2R,1,0,estimated_prior_correction,1495,23,23,True,86.62207357859532,86.62207357859532
officehome,P2R,1,1,no_prior_correction,1495,23,23,True,86.55518394648828,86.55518394648828
officehome,P2R,1,1,estimated_prior_correction,1495,23,23,True,86.55518394648828,86.55518394648828
officehome,P2R,1,2,no_prior_correction,1495,23,23,True,86.95652173913044,86.95652173913044
officehome,P2R,1,2,estimated_prior_correction,1495,23,23,True,87.02341137123746,87.02341137123746
officehome,P2R,1,3,no_prior_correction,1495,23,23,True,87.49163879598663,87.49163879598662
officehome,P2R,1,3,estimated_prior_correction,1495,23,23,True,87.49163879598663,87.49163879598662
officehome,P2R,1,4,no_prior_correction,1495,23,23,True,87.6923076923077,87.6923076923077
officehome,P2R,1,4,estimated_prior_correction,1495,23,23,True,87.75919732441471,87.75919732441471
officehome,P2R,10,0,no_prior_correction,587,2,23,True,85.34923339011925,87.91936227023257
officehome,P2R,10,0,estimated_prior_correction,587,2,23,True,85.34923339011925,87.91936227023257
officehome,P2R,10,1,no_prior_correction,587,2,23,True,88.07495741056218,88.86818524017856
officehome,P2R,10,1,estimated_prior_correction,587,2,23,True,88.07495741056218,88.86818524017856
officehome,P2R,10,2,no_prior_correction,587,2,23,True,87.22316865417376,85.84367174456688
officehome,P2R,10,2,estimated_prior_correction,587,2,23,True,87.22316865417376,85.84367174456688
officehome,P2R,10,3,no_prior_correction,587,2,23,True,87.05281090289608,86.28895663985023
officehome,P2R,10,3,estimated_prior_correction,587,2,23,True,87.05281090289608,86.28895663985023
officehome,P2R,10,4,no_prior_correction,587,2,23,True,87.9045996592845,84.85802384847447
officehome,P2R,10,4,estimated_prior_correction,587,2,23,True,87.9045996592845,84.85802384847447
officehome,P2R,50,0,no_prior_correction,383,1,23,True,88.25065274151436,82.59302171258692
officehome,P2R,50,0,estimated_prior_correction,383,1,23,True,88.25065274151436,82.59302171258692
officehome,P2R,50,1,no_prior_correction,383,1,23,True,90.60052219321149,87.34746463808249
officehome,P2R,50,1,estimated_prior_correction,383,1,23,True,90.60052219321149,87.34746463808249
officehome,P2R,50,2,no_prior_correction,383,1,23,True,87.20626631853786,87.80746902997542
officehome,P2R,50,2,estimated_prior_correction,383,1,23,True,87.20626631853786,87.80746902997542
officehome,P2R,50,3,no_prior_correction,383,1,23,True,90.07832898172323,85.27289739246261
officehome,P2R,50,3,estimated_prior_correction,383,1,23,True,90.07832898172323,85.27289739246261
officehome,P2R,50,4,no_prior_correction,383,1,23,True,85.37859007832898,85.73287447136553
officehome,P2R,50,4,estimated_prior_correction,383,1,23,True,85.37859007832898,85.73287447136553
officehome,R2A,1,0,no_prior_correction,975,15,15,True,75.38461538461539,75.38461538461539
officehome,R2A,1,0,estimated_prior_correction,975,15,15,True,75.38461538461539,75.38461538461539
officehome,R2A,1,1,no_prior_correction,975,15,15,True,75.6923076923077,75.6923076923077
officehome,R2A,1,1,estimated_prior_correction,975,15,15,True,75.8974358974359,75.89743589743591
officehome,R2A,1,2,no_prior_correction,975,15,15,True,76.2051282051282,76.20512820512822
officehome,R2A,1,2,estimated_prior_correction,975,15,15,True,76.2051282051282,76.20512820512822
officehome,R2A,1,3,no_prior_correction,975,15,15,True,74.46153846153845,74.46153846153847
officehome,R2A,1,3,estimated_prior_correction,975,15,15,True,74.46153846153845,74.46153846153847
officehome,R2A,1,4,no_prior_correction,975,15,15,True,75.6923076923077,75.6923076923077
officehome,R2A,1,4,estimated_prior_correction,975,15,15,True,75.6923076923077,75.6923076923077
officehome,R2A,10,0,no_prior_correction,384,2,15,True,74.21875,77.52620883390115
officehome,R2A,10,0,estimated_prior_correction,384,2,15,True,74.21875,77.52620883390115
officehome,R2A,10,1,no_prior_correction,384,2,15,True,70.57291666666666,69.98448133063519
officehome,R2A,10,1,estimated_prior_correction,384,2,15,True,70.57291666666666,69.98448133063519
officehome,R2A,10,2,no_prior_correction,384,2,15,True,70.83333333333334,68.70545693622616
officehome,R2A,10,2,estimated_prior_correction,384,2,15,True,71.09375,69.47468770545693
officehome,R2A,10,3,no_prior_correction,384,2,15,True,76.30208333333334,72.76284399361323
officehome,R2A,10,3,estimated_prior_correction,384,2,15,True,76.30208333333334,72.76284399361323
officehome,R2A,10,4,no_prior_correction,384,2,15,True,72.39583333333334,75.31005746390362
officehome,R2A,10,4,estimated_prior_correction,384,2,15,True,72.39583333333334,75.31005746390362
officehome,R2A,50,0,no_prior_correction,255,1,15,True,69.41176470588235,72.50476446630293
officehome,R2A,50,0,estimated_prior_correction,255,1,15,True,69.41176470588235,72.50476446630293
officehome,R2A,50,1,no_prior_correction,255,1,15,True,70.98039215686275,67.39931009161779
officehome,R2A,50,1,estimated_prior_correction,255,1,15,True,70.98039215686275,67.39931009161779
officehome,R2A,50,2,no_prior_correction,255,1,15,True,73.72549019607844,70.2126634049711
officehome,R2A,50,2,estimated_prior_correction,255,1,15,True,73.72549019607844,70.2126634049711
officehome,R2A,50,3,no_prior_correction,255,1,15,True,73.33333333333333,71.94604113834883
officehome,R2A,50,3,estimated_prior_correction,255,1,15,True,73.72549019607844,73.48450267681037
officehome,R2A,50,4,no_prior_correction,255,1,15,True,77.64705882352942,75.26312576312576
officehome,R2A,50,4,estimated_prior_correction,255,1,15,True,77.64705882352942,75.26312576312576
officehome,R2C,1,0,no_prior_correction,2535,39,39,True,66.15384615384615,66.15384615384616
officehome,R2C,1,0,estimated_prior_correction,2535,39,39,True,66.15384615384615,66.15384615384616
officehome,R2C,1,1,no_prior_correction,2535,39,39,True,65.7199211045365,65.7199211045365
officehome,R2C,1,1,estimated_prior_correction,2535,39,39,True,65.79881656804733,65.79881656804733
officehome,R2C,1,2,no_prior_correction,2535,39,39,True,65.99605522682445,65.99605522682447
officehome,R2C,1,2,estimated_prior_correction,2535,39,39,True,65.99605522682445,65.99605522682447
officehome,R2C,1,3,no_prior_correction,2535,39,39,True,66.27218934911244,66.27218934911244
officehome,R2C,1,3,estimated_prior_correction,2535,39,39,True,66.31163708086785,66.31163708086785
officehome,R2C,1,4,no_prior_correction,2535,39,39,True,65.2465483234714,65.24654832347142
officehome,R2C,1,4,estimated_prior_correction,2535,39,39,True,65.32544378698225,65.32544378698225
officehome,R2C,10,0,no_prior_correction,995,4,39,True,64.82412060301507,63.720166983396766
officehome,R2C,10,0,estimated_prior_correction,995,4,39,True,64.82412060301507,63.720166983396766
officehome,R2C,10,1,no_prior_correction,995,4,39,True,65.7286432160804,65.13708112526459
officehome,R2C,10,1,estimated_prior_correction,995,4,39,True,65.7286432160804,65.13708112526459
officehome,R2C,10,2,no_prior_correction,995,4,39,True,63.91959798994975,65.39632730948036
officehome,R2C,10,2,estimated_prior_correction,995,4,39,True,63.91959798994975,65.39632730948036
officehome,R2C,10,3,no_prior_correction,995,4,39,True,66.13065326633166,66.53212853971709
officehome,R2C,10,3,estimated_prior_correction,995,4,39,True,66.23115577889448,67.18301611368159
officehome,R2C,10,4,no_prior_correction,995,4,39,True,66.63316582914572,64.98864605898709
officehome,R2C,10,4,estimated_prior_correction,995,4,39,True,66.63316582914572,64.98864605898709
officehome,R2C,50,0,no_prior_correction,647,1,39,True,67.07882534775888,66.46886345265982
officehome,R2C,50,0,estimated_prior_correction,647,1,39,True,67.54250386398763,68.00732499112137
officehome,R2C,50,1,no_prior_correction,647,1,39,True,66.30602782071098,68.37514541477276
officehome,R2C,50,1,estimated_prior_correction,647,1,39,True,66.46058732612056,67.76659220327836
officehome,R2C,50,2,no_prior_correction,647,1,39,True,70.17001545595053,64.17999044553082
officehome,R2C,50,2,estimated_prior_correction,647,1,39,True,70.17001545595053,64.17999044553082
officehome,R2C,50,3,no_prior_correction,647,1,39,True,66.76970633693972,68.96593374724618
officehome,R2C,50,3,estimated_prior_correction,647,1,39,True,66.76970633693972,68.96593374724618
officehome,R2C,50,4,no_prior_correction,647,1,39,True,69.24265842349304,65.82801442749539
officehome,R2C,50,4,estimated_prior_correction,647,1,39,True,69.39721792890263,66.13570673518771
officehome,R2P,1,0,no_prior_correction,2470,38,38,True,87.57085020242916,87.57085020242916
officehome,R2P,1,0,estimated_prior_correction,2470,38,38,True,87.57085020242916,87.57085020242916
officehome,R2P,1,1,no_prior_correction,2470,38,38,True,87.48987854251013,87.48987854251011
officehome,R2P,1,1,estimated_prior_correction,2470,38,38,True,87.48987854251013,87.48987854251011
officehome,R2P,1,2,no_prior_correction,2470,38,38,True,87.7327935222672,87.7327935222672
officehome,R2P,1,2,estimated_prior_correction,2470,38,38,True,87.7327935222672,87.7327935222672
officehome,R2P,1,3,no_prior_correction,2470,38,38,True,88.05668016194332,88.05668016194332
officehome,R2P,1,3,estimated_prior_correction,2470,38,38,True,88.05668016194332,88.05668016194332
officehome,R2P,1,4,no_prior_correction,2470,38,38,True,87.6923076923077,87.6923076923077
officehome,R2P,1,4,estimated_prior_correction,2470,38,38,True,87.6923076923077,87.6923076923077
officehome,R2P,10,0,no_prior_correction,973,4,38,True,87.05035971223022,88.62403907926306
officehome,R2P,10,0,estimated_prior_correction,973,4,38,True,87.05035971223022,88.62403907926306
officehome,R2P,10,1,no_prior_correction,973,4,38,True,85.71428571428571,87.23145806354124
officehome,R2P,10,1,estimated_prior_correction,973,4,38,True,85.71428571428571,87.23145806354124
officehome,R2P,10,2,no_prior_correction,973,4,38,True,86.43371017471738,85.62302795345073
officehome,R2P,10,2,estimated_prior_correction,973,4,38,True,86.43371017471738,85.62302795345073
officehome,R2P,10,3,no_prior_correction,973,4,38,True,91.46968139773895,88.26509133619315
officehome,R2P,10,3,estimated_prior_correction,973,4,38,True,91.46968139773895,88.26509133619315
officehome,R2P,10,4,no_prior_correction,973,4,38,True,87.46145940390545,86.90140896828613
officehome,R2P,10,4,estimated_prior_correction,973,4,38,True,87.46145940390545,86.90140896828613
officehome,R2P,50,0,no_prior_correction,628,1,38,True,88.53503184713377,89.46448253857756
officehome,R2P,50,0,estimated_prior_correction,628,1,38,True,88.53503184713377,89.46448253857756
officehome,R2P,50,1,no_prior_correction,628,1,38,True,83.43949044585987,86.20608438775135
officehome,R2P,50,1,estimated_prior_correction,628,1,38,True,83.43949044585987,86.20608438775135
officehome,R2P,50,2,no_prior_correction,628,1,38,True,88.85350318471338,86.66241286926027
officehome,R2P,50,2,estimated_prior_correction,628,1,38,True,88.85350318471338,86.66241286926027
officehome,R2P,50,3,no_prior_correction,628,1,38,True,84.07643312101911,81.652268659575
officehome,R2P,50,3,estimated_prior_correction,628,1,38,True,84.07643312101911,81.652268659575
officehome,R2P,50,4,no_prior_correction,628,1,38,True,85.19108280254777,88.23945802285884
officehome,R2P,50,4,estimated_prior_correction,628,1,38,True,85.19108280254777,88.23945802285884
