benchmark,task,method,source_weight_mean,target_weight_mean,target_labels_used_for_weight_selection,accuracy,balanced_accuracy,mean_reliability,selection_objective
office31,A2D,fixed_asymmetric,0.1,0.025,False,84.13654618473896,85.02918423325157,,
office31,A2D,uniform,0.3333333333333333,0.3333333333333333,False,86.34538152610442,86.70266736536021,,
office31,A2D,uncertainty_scaled_target,0.1,0.015166832134127617,False,83.53413654618474,84.45670855558654,0.6066733002662659,
office31,A2D,class_adaptive,0.1483316719532013,0.06066732853651047,False,66.26506024096386,70.51675122898486,0.6066733002662659,
office31,A2D,label_free_entropy_selected,0.3333333333333333,0.3333333333333333,False,86.34538152610442,86.70266736536021,,0.16166542395949363
office31,A2W,fixed_asymmetric,0.1,0.025,False,84.65408805031447,83.71400850056811,,
office31,A2W,uniform,0.3333333333333333,0.3333333333333333,False,86.16352201257862,85.48650347434017,,
office31,A2W,uncertainty_scaled_target,0.1,0.01641051284968853,False,83.52201257861635,82.10639845913337,0.6564204692840576,
office31,A2W,class_adaptive,0.13589487969875336,0.06564205139875412,False,58.36477987421384,59.5146751505509,0.6564204692840576,
office31,A2W,label_free_entropy_selected,0.2,0.3333333333333333,False,86.16352201257862,85.20303339733476,,0.1896959699690342
office31,D2A,fixed_asymmetric,0.1,0.025,False,81.46964856230032,81.06616113073677,,
office31,D2A,uniform,0.3333333333333333,0.3333333333333333,False,82.0021299254526,81.51655691024763,,
office31,D2A,uncertainty_scaled_target,0.1,0.02128130942583084,False,81.15015974440894,80.7008977502505,0.8512524366378784,
office31,D2A,class_adaptive,0.08718687295913696,0.08512523770332336,False,82.07312744053958,81.80293559045602,0.8512524366378784,
office31,D2A,label_free_entropy_selected,0.2,0.3333333333333333,False,82.67660631877885,82.22989603637953,,0.23439213614910842
office31,D2W,fixed_asymmetric,0.1,0.025,False,86.28930817610063,85.2774233049562,,
office31,D2W,uniform,0.3333333333333333,0.3333333333333333,False,89.55974842767296,88.67605789633942,,
office31,D2W,uncertainty_scaled_target,0.1,0.016776395961642265,False,84.65408805031447,83.3175734060792,0.6710556745529175,
office31,D2W,class_adaptive,0.1322360634803772,0.06710558384656906,False,63.0188679245283,64.67895895066822,0.6710556745529175,
office31,D2W,label_free_entropy_selected,0.3333333333333333,0.3333333333333333,False,89.55974842767296,88.67605789633942,,0.15994246639311313
office31,W2A,fixed_asymmetric,0.1,0.025,False,81.2566560170394,80.87576652882686,,
office31,W2A,uniform,0.3333333333333333,0.3333333333333333,False,82.17962371317003,81.74909760934642,,
office31,W2A,uncertainty_scaled_target,0.1,0.02121950499713421,False,80.58217962371317,80.13577912327834,0.8487802743911743,
office31,W2A,class_adaptive,0.08780493587255478,0.08487801998853683,False,82.32161874334398,81.99386047796493,0.8487802743911743,
office31,W2A,label_free_entropy_selected,0.2,0.3333333333333333,False,82.8186013489528,82.46719593270964,,0.23675257712602615
office31,W2D,fixed_asymmetric,0.1,0.025,False,86.34538152610442,86.88088384266506,,
office31,W2D,uniform,0.3333333333333333,0.3333333333333333,False,91.56626506024097,91.76759775988387,,
office31,W2D,uncertainty_scaled_target,0.1,0.015498786233365536,False,85.7429718875502,86.03750678961056,0.6199513673782349,
office31,W2D,class_adaptive,0.14501215517520905,0.06199514493346214,False,66.86746987951807,71.91911761947503,0.6199513673782349,
office31,W2D,label_free_entropy_selected,0.3333333333333333,0.3333333333333333,False,91.56626506024097,91.76759775988387,,0.12130531035363674
officehome,A2C,fixed_asymmetric,0.1,0.025,False,66.68957617411225,66.46487720183573,,
officehome,A2C,uniform,0.3333333333333333,0.3333333333333333,False,64.03207331042383,64.34282080955613,,
officehome,A2C,uncertainty_scaled_target,0.1,0.017937302589416504,False,65.36082474226804,64.8767220207345,0.7174920439720154,
officehome,A2C,class_adaptive,0.12062698602676392,0.07174921035766602,False,52.69186712485682,54.67025491298115,0.7174920439720154,
officehome,A2C,label_free_entropy_selected,0.3333333333333333,0.3333333333333333,False,64.03207331042383,64.34282080955613,,0.6850647419691086
officehome,A2P,fixed_asymmetric,0.1,0.025,False,87.99279116918225,87.35002550537693,,
officehome,A2P,uniform,0.3333333333333333,0.3333333333333333,False,88.17301193962605,87.48923051460096,,
officehome,A2P,uncertainty_scaled_target,0.1,0.020797131583094597,False,87.54223924307276,86.89087664612332,0.8318852186203003,
officehome,A2P,class_adaptive,0.09202868491411209,0.08318852633237839,False,84.68123451227754,83.4635999646747,0.8318852186203003,
officehome,A2P,label_free_entropy_selected,0.1,0.3333333333333333,False,89.61477810317639,89.11805106093924,,0.17815447337925433
officehome,A2R,fixed_asymmetric,0.1,0.025,False,88.73077805829699,86.78719280747971,,
officehome,A2R,uniform,0.3333333333333333,0.3333333333333333,False,87.0323617167776,85.17108297133359,,
officehome,A2R,uncertainty_scaled_target,0.1,0.020722031593322754,False,88.34060133119118,86.25828524069924,0.8288812041282654,
officehome,A2R,class_adaptive,0.09277969598770142,0.08288812637329102,False,79.15997245811339,77.94654789184283,0.8288812041282654,
officehome,A2R,label_free_entropy_selected,0.1,0.3333333333333333,False,88.82258434702777,86.94777403909588,,0.21042101811617614
officehome,C2A,fixed_asymmetric,0.1,0.025,False,79.68685620107128,75.42198968938507,,
officehome,C2A,uniform,0.3333333333333333,0.3333333333333333,False,78.61557478368356,74.26999243652658,,
officehome,C2A,uncertainty_scaled_target,0.1,0.016807550564408302,False,79.56324680675732,74.97018368074139,0.6723019480705261,
officehome,C2A,class_adaptive,0.13192451000213623,0.06723020225763321,False,67.32591676967449,66.19830859361862,0.6723019480705261,
officehome,C2A,label_free_entropy_selected,0.2,0.3333333333333333,False,79.19241862381541,74.81093908885353,,0.3876918703317642
officehome,C2P,fixed_asymmetric,0.1,0.025,False,87.92520838026583,87.24540412484718,,
officehome,C2P,uniform,0.3333333333333333,0.3333333333333333,False,89.27686415859428,88.73372261697851,,
officehome,C2P,uncertainty_scaled_target,0.1,0.020653676241636276,False,87.31696328001803,86.63824908254063,0.8261470794677734,
officehome,C2P,class_adaptive,0.093463234603405,0.0826147049665451,False,77.94548321694074,76.44153274334147,0.8261470794677734,
officehome,C2P,label_free_entropy_selected,0.1,0.3333333333333333,False,89.5246677179545,88.91447813412367,,0.18060772716999055
officehome,C2R,fixed_asymmetric,0.1,0.025,False,88.96029378012393,87.12254176817049,,
officehome,C2R,uniform,0.3333333333333333,0.3333333333333333,False,88.11108560936424,86.4570164169457,,
officehome,C2R,uncertainty_scaled_target,0.1,0.020653733983635902,False,88.34060133119118,86.280188931709,0.8261493444442749,
officehome,C2R,class_adaptive,0.09346266090869904,0.08261493593454361,False,85.24213908652743,84.22355883829589,0.8261493444442749,
officehome,C2R,label_free_entropy_selected,0.1,0.3333333333333333,False,88.96029378012393,87.20081424779255,,0.2138214448466897
officehome,P2A,fixed_asymmetric,0.1,0.025,False,78.90399670374948,74.76383253779893,,
officehome,P2A,uniform,0.3333333333333333,0.3333333333333333,False,76.63782447466008,71.9723049029142,,
officehome,P2A,uncertainty_scaled_target,0.1,0.017097555100917816,False,78.98640296662546,74.63831768017134,0.6839022636413574,
officehome,P2A,class_adaptive,0.1290244311094284,0.06839022040367126,False,74.2068397198187,72.30617299576953,0.6839022636413574,
officehome,P2A,label_free_entropy_selected,0.2,0.3333333333333333,False,78.03873094355171,73.59134955204865,,0.3611209481954575
officehome,P2C,fixed_asymmetric,0.1,0.025,False,67.90378006872852,67.10755027824045,,
officehome,P2C,uniform,0.3333333333333333,0.3333333333333333,False,66.1168384879725,64.90790396347052,,
officehome,P2C,uncertainty_scaled_target,0.1,0.018184654414653778,False,66.94158075601374,65.7997882988922,0.7273861169815063,
officehome,P2C,class_adaptive,0.11815346032381058,0.07273861765861511,False,57.64032073310423,58.834873778332096,0.7273861169815063,
officehome,P2C,label_free_entropy_selected,0.3333333333333333,0.3333333333333333,False,66.1168384879725,64.90790396347052,,0.6590054146945477
officehome,P2R,fixed_asymmetric,0.1,0.025,False,89.18980950195088,87.3658113576147,,
officehome,P2R,uniform,0.3333333333333333,0.3333333333333333,False,88.06518246499884,86.54116879218373,,
officehome,P2R,uncertainty_scaled_target,0.1,0.020901191979646683,False,88.77668120266237,86.692112325603,0.8360476493835449,
officehome,P2R,class_adaptive,0.09098808467388153,0.08360476791858673,False,84.1175120495754,83.04029861225263,0.8360476493835449,
officehome,P2R,label_free_entropy_selected,0.2,0.3333333333333333,False,88.73077805829699,87.09898962605384,,0.19174497127532958
officehome,R2A,fixed_asymmetric,0.1,0.025,False,79.48084054388134,75.28909710719086,,
officehome,R2A,uniform,0.3333333333333333,0.3333333333333333,False,77.46188710341985,73.34580666740855,,
officehome,R2A,uncertainty_scaled_target,0.1,0.017223523929715157,False,79.11001236093944,74.62844299180155,0.6889409422874451,
officehome,R2A,class_adaptive,0.1277647614479065,0.06889409571886063,False,70.86938607334157,69.48766442528877,0.6889409422874451,
officehome,R2A,label_free_entropy_selected,0.2,0.3333333333333333,False,78.61557478368356,74.46427213827269,,0.36215727776288986
officehome,R2C,fixed_asymmetric,0.1,0.025,False,67.0103092783505,66.36983430640659,,
officehome,R2C,uniform,0.3333333333333333,0.3333333333333333,False,64.35280641466208,63.50072995315864,,
officehome,R2C,uncertainty_scaled_target,0.1,0.018229328095912933,False,66.20847651775486,65.29561552677237,0.7291731238365173,
officehome,R2C,class_adaptive,0.11770671606063843,0.07291731238365173,False,54.04352806414662,56.1289447437603,0.7291731238365173,
officehome,R2C,label_free_entropy_selected,0.3333333333333333,0.3333333333333333,False,64.35280641466208,63.50072995315864,,0.6262750439345837
officehome,R2P,fixed_asymmetric,0.1,0.025,False,88.28564992115341,87.62384824125252,,
officehome,R2P,uniform,0.3333333333333333,0.3333333333333333,False,89.29939175489974,88.73452434052699,,
officehome,R2P,uncertainty_scaled_target,0.1,0.0209063608199358,False,87.63234962829466,86.8725548189472,0.8362544178962708,
officehome,R2P,class_adaptive,0.09093639254570007,0.0836254432797432,False,76.57129984230683,74.41086795028512,0.8362544178962708,
officehome,R2P,label_free_entropy_selected,0.2,0.3333333333333333,False,89.74994368100924,89.2524550324724,,0.16949738003313541
